Timestamp,Raw Voltage (V),Filtered Voltage (V),Angle (degrees),Status
2025-10-20 15:14:43.078,3.3,3.3,0.0,Extended
2025-10-20 15:14:43.128,3.3,3.3,0.0,Extended
2025-10-20 15:14:43.179,3.3,3.3,0.0,Extended
2025-10-20 15:14:43.228,3.3,3.3,0.0,Extended
2025-10-20 15:14:43.278,3.3,3.3,0.0,Extended
2025-10-20 15:14:43.328,3.3,3.3,0.0,Extended
2025-10-20 15:14:43.378,3.3,3.3,0.0,Extended
2025-10-20 15:14:43.428,3.3,3.3,0.0,Extended
2025-10-20 15:14:43.478,3.3,3.3,0.0,Extended
2025-10-20 15:14:43.528,3.3,3.3,0.0,Extended
2025-10-20 15:14:43.578,3.3,3.3,0.0,Extended
2025-10-20 15:14:43.628,3.3,3.3,0.0,Extended
2025-10-20 15:14:43.678,3.3,3.3,0.0,Extended
2025-10-20 15:14:43.728,3.3,3.3,0.0,Extended
2025-10-20 15:14:43.778,3.3,3.3,0.0,Extended
2025-10-20 15:14:43.829,0.611,3.059,14.5,Extended
2025-10-20 15:14:43.879,3.3,3.059,14.5,Extended
2025-10-20 15:14:43.929,3.3,3.059,14.5,Extended
2025-10-20 15:14:43.979,3.3,3.059,14.5,Extended
2025-10-20 15:14:44.029,3.3,3.059,14.5,Extended
2025-10-20 15:14:44.078,3.3,3.3,0.0,Extended
2025-10-20 15:14:44.128,3.3,3.3,0.0,Extended
2025-10-20 15:14:44.178,3.3,3.3,0.0,Extended
2025-10-20 15:14:44.228,3.3,3.3,0.0,Extended
2025-10-20 15:14:44.278,3.3,3.3,0.0,Extended
2025-10-20 15:14:44.328,3.3,3.3,0.0,Extended
2025-10-20 15:14:44.378,3.3,3.3,0.0,Extended
2025-10-20 15:14:44.428,3.3,3.3,0.0,Extended
2025-10-20 15:14:44.478,3.3,3.3,0.0,Extended
2025-10-20 15:14:44.528,3.3,3.3,0.0,Extended
2025-10-20 15:14:44.578,3.3,3.3,0.0,Extended
2025-10-20 15:14:44.628,3.3,3.3,0.0,Extended
2025-10-20 15:14:44.678,3.3,3.3,0.0,Extended
2025-10-20 15:14:44.728,3.3,3.3,0.0,Extended
2025-10-20 15:14:44.778,3.3,3.3,0.0,Extended
2025-10-20 15:14:44.828,3.3,3.3,0.0,Extended
2025-10-20 15:14:44.878,3.3,3.3,0.0,Extended
2025-10-20 15:14:44.928,3.3,3.3,0.0,Extended
2025-10-20 15:14:44.978,3.3,3.3,0.0,Extended
2025-10-20 15:14:45.028,3.3,3.3,0.0,Extended
2025-10-20 15:14:45.078,3.3,3.3,0.0,Extended
2025-10-20 15:14:45.128,3.3,3.3,0.0,Extended
2025-10-20 15:14:45.178,3.3,3.3,0.0,Extended
2025-10-20 15:14:45.228,3.3,3.3,0.0,Extended
2025-10-20 15:14:45.278,3.3,3.3,0.0,Extended
2025-10-20 15:14:45.328,3.3,3.3,0.0,Extended
2025-10-20 15:14:45.379,3.3,3.3,0.0,Extended
2025-10-20 15:14:45.429,3.3,3.3,0.0,Extended
2025-10-20 15:14:45.479,3.3,3.3,0.0,Extended
2025-10-20 15:14:45.529,1.937,3.3,0.0,Extended
2025-10-20 15:14:45.579,1.145,3.166,8.0,Extended
2025-10-20 15:14:45.629,1.289,3.061,14.4,Extended
2025-10-20 15:14:45.679,1.235,2.945,21.3,Slight bend
2025-10-20 15:14:45.729,0.812,2.744,32.1,Slight bend
2025-10-20 15:14:45.779,0.305,2.442,43.4,Slight bend
2025-10-20 15:14:45.829,0.297,2.272,49.8,Half bent
2025-10-20 15:14:45.879,0.267,2.068,57.5,Half bent
2025-10-20 15:14:45.929,0.255,1.872,63.9,Half bent
2025-10-20 15:14:45.979,0.256,1.76,67.2,Half bent
2025-10-20 15:14:46.029,0.155,1.73,68.1,Half bent
2025-10-20 15:14:46.079,0.103,1.692,69.3,Half bent
2025-10-20 15:14:46.129,0.052,1.649,70.5,Half bent
2025-10-20 15:14:46.179,0.654,1.728,68.1,Half bent
2025-10-20 15:14:46.229,0.843,1.846,64.6,Half bent
2025-10-20 15:14:46.279,0.838,1.982,60.5,Half bent
2025-10-20 15:14:46.329,0.822,2.126,55.3,Half bent
2025-10-20 15:14:46.379,0.812,2.278,49.6,Half bent
2025-10-20 15:14:46.429,0.787,2.305,48.6,Half bent
2025-10-20 15:14:46.479,0.641,2.264,50.1,Half bent
2025-10-20 15:14:46.529,0.659,2.229,51.4,Half bent
2025-10-20 15:14:46.579,0.486,2.161,53.9,Half bent
2025-10-20 15:14:46.629,0.01,2.001,60.0,Half bent
2025-10-20 15:14:46.679,0.0,1.844,64.7,Half bent
2025-10-20 15:14:46.729,0.0,1.716,68.5,Half bent
2025-10-20 15:14:46.779,0.0,1.584,72.5,Half bent
2025-10-20 15:14:46.828,0.0,1.487,75.4,Bent
2025-10-20 15:14:46.878,0.0,1.487,75.4,Bent
2025-10-20 15:14:46.928,0.0,1.487,75.4,Bent
2025-10-20 15:14:46.979,0.429,1.57,72.9,Half bent
2025-10-20 15:14:47.029,0.0,1.57,72.9,Half bent
2025-10-20 15:14:47.079,0.277,1.626,71.2,Half bent
2025-10-20 15:14:47.129,0.0,1.626,71.2,Half bent
2025-10-20 15:14:47.179,0.0,1.626,71.2,Half bent
2025-10-20 15:14:47.229,0.0,1.54,73.8,Half bent
2025-10-20 15:14:47.279,0.0,1.54,73.8,Half bent
2025-10-20 15:14:47.328,0.0,1.485,75.5,Bent
2025-10-20 15:14:47.378,0.0,1.485,75.5,Bent
2025-10-20 15:14:47.428,0.0,1.485,75.5,Bent
2025-10-20 15:14:47.478,0.0,1.485,75.5,Bent
2025-10-20 15:14:47.528,0.0,1.485,75.5,Bent
2025-10-20 15:14:47.578,0.0,1.485,75.5,Bent
2025-10-20 15:14:47.629,0.164,1.517,74.5,Half bent
2025-10-20 15:14:47.679,0.332,1.584,72.5,Half bent
2025-10-20 15:14:47.729,0.139,1.611,71.7,Half bent
2025-10-20 15:14:47.779,0.328,1.677,69.7,Half bent
2025-10-20 15:14:47.829,0.273,1.732,68.1,Half bent
2025-10-20 15:14:47.879,0.327,1.764,67.1,Half bent
2025-10-20 15:14:47.929,0.0,1.698,69.1,Half bent
2025-10-20 15:14:47.979,0.396,1.749,67.5,Half bent
2025-10-20 15:14:48.029,0.425,1.749,67.5,Half bent
2025-10-20 15:14:48.079,0.337,1.781,66.6,Half bent
2025-10-20 15:14:48.129,0.0,1.716,68.5,Half bent
2025-10-20 15:14:48.179,0.505,1.817,65.5,Half bent
2025-10-20 15:14:48.229,0.89,1.916,62.5,Half bent
2025-10-20 15:14:48.279,0.517,1.916,62.5,Half bent
2025-10-20 15:14:48.328,0.529,1.973,60.8,Half bent
2025-10-20 15:14:48.378,0.525,2.078,57.1,Half bent
2025-10-20 15:14:48.429,0.688,2.114,55.7,Half bent
2025-10-20 15:14:48.478,0.758,2.088,56.7,Half bent
2025-10-20 15:14:48.529,0.0,1.985,60.5,Half bent
2025-10-20 15:14:48.579,0.96,2.071,57.3,Half bent
2025-10-20 15:14:48.628,0.181,2.002,59.9,Half bent
2025-10-20 15:14:48.678,0.713,2.002,59.9,Half bent
2025-10-20 15:14:48.729,0.237,1.903,62.9,Half bent
2025-10-20 15:14:48.778,0.333,1.969,60.9,Half bent
2025-10-20 15:14:48.829,0.0,1.777,66.7,Half bent
2025-10-20 15:14:48.878,0.201,1.777,66.7,Half bent
2025-10-20 15:14:48.928,0.245,1.688,69.4,Half bent
2025-10-20 15:14:48.978,0.0,1.64,70.8,Half bent
2025-10-20 15:14:49.028,0.481,1.67,69.9,Half bent
2025-10-20 15:14:49.078,0.594,1.789,66.3,Half bent
2025-10-20 15:14:49.128,0.014,1.751,67.5,Half bent
2025-10-20 15:14:49.178,0.0,1.702,68.9,Half bent
2025-10-20 15:14:49.228,0.998,1.902,62.9,Half bent
2025-10-20 15:14:49.279,0.878,1.981,60.6,Half bent
2025-10-20 15:14:49.328,0.928,2.048,58.2,Half bent
2025-10-20 15:14:49.378,3.3,2.409,44.7,Slight bend
2025-10-20 15:14:49.428,0.772,2.563,38.9,Slight bend
2025-10-20 15:14:49.479,0.377,2.439,43.5,Slight bend
2025-10-20 15:14:49.528,0.283,2.32,48.0,Half bent
2025-10-20 15:14:49.578,0.117,2.157,54.1,Half bent
2025-10-20 15:14:49.628,0.0,1.794,66.2,Half bent
2025-10-20 15:14:49.678,0.031,1.646,70.6,Half bent
2025-10-20 15:14:49.728,0.031,1.577,72.7,Half bent
2025-10-20 15:14:49.778,0.093,1.539,73.8,Half bent
2025-10-20 15:14:49.828,0.077,1.539,73.8,Half bent
2025-10-20 15:14:49.878,0.053,1.539,73.8,Half bent
2025-10-20 15:14:49.928,0.0,1.539,73.8,Half bent
2025-10-20 15:14:49.978,0.0,1.539,73.8,Half bent
2025-10-20 15:14:50.028,0.365,1.583,72.5,Half bent
2025-10-20 15:14:50.078,0.353,1.639,70.8,Half bent
2025-10-20 15:14:50.128,0.401,1.708,68.8,Half bent
2025-10-20 15:14:50.178,0.197,1.748,67.6,Half bent
2025-10-20 15:14:50.228,0.245,1.797,66.1,Half bent
2025-10-20 15:14:50.278,0.23,1.769,66.9,Half bent
2025-10-20 15:14:50.328,0.144,1.728,68.2,Half bent
2025-10-20 15:14:50.378,0.229,1.693,69.2,Half bent
2025-10-20 15:14:50.428,0.219,1.693,69.2,Half bent
2025-10-20 15:14:50.478,0.247,1.693,69.2,Half bent
2025-10-20 15:14:50.528,0.205,1.693,69.2,Half bent
2025-10-20 15:14:50.578,0.297,1.724,68.3,Half bent
2025-10-20 15:14:50.628,0.351,1.748,67.6,Half bent
2025-10-20 15:14:50.678,0.322,1.769,66.9,Half bent
2025-10-20 15:14:50.728,0.4,1.799,66.0,Half bent
2025-10-20 15:14:50.778,1.011,1.961,61.2,Half bent
2025-10-20 15:14:50.828,1.949,2.264,50.1,Half bent
2025-10-20 15:14:50.878,1.981,2.557,39.1,Slight bend
2025-10-20 15:14:50.928,3.3,2.856,26.6,Slight bend
2025-10-20 15:14:50.978,3.3,3.139,9.7,Extended
2025-10-20 15:14:51.028,2.168,3.3,0.0,Extended
2025-10-20 15:14:51.078,0.766,3.09,12.6,Extended
2025-10-20 15:14:51.128,0.55,2.837,27.8,Slight bend
2025-10-20 15:14:51.178,0.266,2.527,40.2,Slight bend
2025-10-20 15:14:51.228,0.142,2.192,52.8,Half bent
2025-10-20 15:14:51.278,0.053,1.84,64.8,Half bent
2025-10-20 15:14:51.328,0.011,1.689,69.3,Half bent
2025-10-20 15:14:51.378,0.0,1.579,72.6,Half bent
2025-10-20 15:14:51.428,0.0,1.526,74.2,Half bent
2025-10-20 15:14:51.478,0.0,1.497,75.1,Bent
2025-10-20 15:14:51.527,0.0,1.497,75.1,Bent
2025-10-20 15:14:51.578,0.0,1.497,75.1,Bent
2025-10-20 15:14:51.627,0.0,1.497,75.1,Bent
2025-10-20 15:14:51.678,0.0,1.497,75.1,Bent
2025-10-20 15:14:51.727,0.0,1.497,75.1,Bent
2025-10-20 15:14:51.778,0.0,1.497,75.1,Bent
2025-10-20 15:14:51.827,0.0,1.497,75.1,Bent
2025-10-20 15:14:51.877,0.0,1.497,75.1,Bent
2025-10-20 15:14:51.928,0.0,1.497,75.1,Bent
2025-10-20 15:14:51.977,0.0,1.497,75.1,Bent
2025-10-20 15:14:52.028,0.0,1.497,75.1,Bent
2025-10-20 15:14:52.078,0.0,1.497,75.1,Bent
2025-10-20 15:14:52.128,0.0,1.497,75.1,Bent
2025-10-20 15:14:52.178,0.0,1.497,75.1,Bent
2025-10-20 15:14:52.228,0.0,1.497,75.1,Bent
2025-10-20 15:14:52.278,0.0,1.497,75.1,Bent
2025-10-20 15:14:52.328,0.0,1.497,75.1,Bent
2025-10-20 15:14:52.378,0.0,1.497,75.1,Bent
2025-10-20 15:14:52.428,0.0,1.497,75.1,Bent
2025-10-20 15:14:52.478,0.0,1.497,75.1,Bent
2025-10-20 15:14:52.528,0.0,1.497,75.1,Bent
2025-10-20 15:14:52.578,0.0,1.497,75.1,Bent
2025-10-20 15:14:52.628,0.0,1.497,75.1,Bent
2025-10-20 15:14:52.678,0.0,1.497,75.1,Bent
2025-10-20 15:14:52.728,0.0,1.497,75.1,Bent
2025-10-20 15:14:52.778,0.0,1.497,75.1,Bent
2025-10-20 15:14:52.828,0.0,1.497,75.1,Bent
2025-10-20 15:14:52.878,0.0,1.497,75.1,Bent
2025-10-20 15:14:52.928,0.0,1.497,75.1,Bent
2025-10-20 15:14:52.978,0.0,1.497,75.1,Bent
2025-10-20 15:14:53.028,0.0,1.497,75.1,Bent
2025-10-20 15:14:53.078,0.0,1.497,75.1,Bent
2025-10-20 15:14:53.128,0.0,1.497,75.1,Bent
2025-10-20 15:14:53.178,0.0,1.497,75.1,Bent
2025-10-20 15:14:53.228,0.0,1.497,75.1,Bent
2025-10-20 15:14:53.278,0.0,1.497,75.1,Bent
2025-10-20 15:14:53.328,0.0,1.497,75.1,Bent
2025-10-20 15:14:53.378,0.0,1.497,75.1,Bent
2025-10-20 15:14:53.428,0.102,1.497,75.1,Bent
2025-10-20 15:14:53.478,0.916,1.688,69.4,Half bent
2025-10-20 15:14:53.528,1.883,2.051,58.1,Half bent
2025-10-20 15:14:53.578,3.3,2.414,44.5,Slight bend
2025-10-20 15:14:53.628,3.178,2.778,30.8,Slight bend
2025-10-20 15:14:53.678,0.359,2.829,28.3,Slight bend
2025-10-20 15:14:53.728,0.155,2.677,34.6,Slight bend
2025-10-20 15:14:53.778,0.092,2.332,47.6,Half bent
2025-10-20 15:14:53.828,0.108,1.99,60.3,Half bent
2025-10-20 15:14:53.878,0.025,1.632,71.0,Half bent
2025-10-20 15:14:53.928,0.064,1.573,72.8,Half bent
2025-10-20 15:14:53.978,0.101,1.573,72.8,Half bent
2025-10-20 15:14:54.028,0.047,1.573,72.8,Half bent
2025-10-20 15:14:54.078,0.027,1.537,73.9,Half bent
2025-10-20 15:14:54.128,0.088,1.537,73.9,Half bent
2025-10-20 15:14:54.178,0.04,1.537,73.9,Half bent
2025-10-20 15:14:54.228,0.003,1.537,73.9,Half bent
2025-10-20 15:14:54.278,0.0,1.516,74.5,Half bent
2025-10-20 15:14:54.328,0.396,1.59,72.3,Half bent
2025-10-20 15:14:54.378,0.365,1.646,70.6,Half bent
2025-10-20 15:14:54.428,0.359,1.709,68.7,Half bent
2025-10-20 15:14:54.478,0.346,1.778,66.7,Half bent
2025-10-20 15:14:54.528,0.305,1.839,64.8,Half bent
2025-10-20 15:14:54.578,0.312,1.839,64.8,Half bent
2025-10-20 15:14:54.628,0.363,1.839,64.8,Half bent
2025-10-20 15:14:54.678,0.283,1.806,65.8,Half bent
2025-10-20 15:14:54.728,0.313,1.806,65.8,Half bent
2025-10-20 15:14:54.778,0.26,1.806,65.8,Half bent
2025-10-20 15:14:54.828,0.245,1.778,66.7,Half bent
2025-10-20 15:14:54.878,0.234,1.752,67.5,Half bent
2025-10-20 15:14:54.928,0.236,1.752,67.5,Half bent
2025-10-20 15:14:54.978,0.398,1.752,67.5,Half bent
2025-10-20 15:14:55.028,0.367,1.78,66.6,Half bent
2025-10-20 15:14:55.078,0.554,1.842,64.7,Half bent
2025-10-20 15:14:55.128,0.69,1.934,62.0,Half bent
2025-10-20 15:14:55.178,0.596,2.006,59.8,Half bent
2025-10-20 15:14:55.228,1.117,2.149,54.4,Half bent
2025-10-20 15:14:55.278,3.3,2.439,43.5,Slight bend
2025-10-20 15:14:55.328,1.268,2.582,38.2,Slight bend
2025-10-20 15:14:55.378,1.604,2.765,31.3,Slight bend
2025-10-20 15:14:55.428,0.704,2.786,30.5,Slight bend
2025-10-20 15:14:55.478,0.658,2.694,34.0,Slight bend
2025-10-20 15:14:55.528,0.579,2.447,43.2,Slight bend
2025-10-20 15:14:55.578,3.3,2.557,39.1,Slight bend
2025-10-20 15:14:55.627,0.762,2.388,45.4,Half bent
2025-10-20 15:14:55.677,0.77,2.388,45.4,Half bent
2025-10-20 15:14:55.727,0.338,2.337,47.4,Half bent
2025-10-20 15:14:55.777,0.331,2.288,49.2,Half bent
2025-10-20 15:14:55.827,0.27,1.978,60.6,Half bent
2025-10-20 15:14:55.878,0.268,1.88,63.6,Half bent
2025-10-20 15:14:55.927,0.258,1.777,66.7,Half bent
2025-10-20 15:14:55.977,0.246,1.777,66.7,Half bent
2025-10-20 15:14:56.028,0.244,1.742,67.8,Half bent
2025-10-20 15:14:56.078,0.28,1.742,67.8,Half bent
2025-10-20 15:14:56.128,0.253,1.742,67.8,Half bent
2025-10-20 15:14:56.177,0.244,1.742,67.8,Half bent
2025-10-20 15:14:56.227,0.223,1.742,67.8,Half bent
2025-10-20 15:14:56.277,0.253,1.742,67.8,Half bent
2025-10-20 15:14:56.327,3.3,2.042,58.4,Half bent
2025-10-20 15:14:56.377,3.3,2.355,46.7,Half bent
2025-10-20 15:14:56.427,1.015,2.509,40.9,Slight bend
2025-10-20 15:14:56.477,0.09,2.482,41.9,Slight bend
2025-10-20 15:14:56.527,0.045,2.441,43.5,Slight bend
2025-10-20 15:14:56.577,0.06,2.09,56.6,Half bent
2025-10-20 15:14:56.627,0.48,1.823,65.3,Half bent
2025-10-20 15:14:56.677,0.521,1.724,68.3,Half bent
2025-10-20 15:14:56.727,0.533,1.812,65.6,Half bent
2025-10-20 15:14:56.777,0.538,1.911,62.7,Half bent
2025-10-20 15:14:56.827,0.532,2.005,59.8,Half bent
2025-10-20 15:14:56.877,0.531,2.005,59.8,Half bent
2025-10-20 15:14:56.927,0.532,2.005,59.8,Half bent
2025-10-20 15:14:56.977,0.453,2.005,59.8,Half bent
2025-10-20 15:14:57.027,0.376,1.969,60.9,Half bent
2025-10-20 15:14:57.077,0.465,1.969,60.9,Half bent
2025-10-20 15:14:57.127,0.473,1.944,61.7,Half bent
2025-10-20 15:14:57.177,0.389,1.916,62.5,Half bent
2025-10-20 15:14:57.227,0.554,1.936,61.9,Half bent
2025-10-20 15:14:57.277,0.58,1.977,60.7,Half bent
2025-10-20 15:14:57.327,0.594,2.003,59.9,Half bent
2025-10-20 15:14:57.377,0.525,2.003,59.9,Half bent
2025-10-20 15:14:57.427,0.529,2.041,58.5,Half bent
2025-10-20 15:14:57.477,0.581,2.041,58.5,Half bent
2025-10-20 15:14:57.527,0.62,2.041,58.5,Half bent
2025-10-20 15:14:57.577,0.714,2.078,57.1,Half bent
2025-10-20 15:14:57.627,0.602,2.078,57.1,Half bent
2025-10-20 15:14:57.677,0.597,2.107,56.0,Half bent
2025-10-20 15:14:57.727,0.564,2.107,56.0,Half bent
2025-10-20 15:14:57.777,0.575,2.107,56.0,Half bent
2025-10-20 15:14:57.827,0.591,2.07,57.4,Half bent
2025-10-20 15:14:57.877,0.606,2.07,57.4,Half bent
2025-10-20 15:14:57.927,0.592,2.07,57.4,Half bent
2025-10-20 15:14:57.977,0.567,2.07,57.4,Half bent
2025-10-20 15:14:58.027,0.554,2.07,57.4,Half bent
2025-10-20 15:14:58.077,0.656,2.07,57.4,Half bent
2025-10-20 15:14:58.127,0.697,2.098,56.3,Half bent
2025-10-20 15:14:58.177,0.636,2.098,56.3,Half bent
2025-10-20 15:14:58.227,0.376,2.068,57.4,Half bent
2025-10-20 15:14:58.277,0.49,2.068,57.4,Half bent
2025-10-20 15:14:58.327,0.53,2.03,58.9,Half bent
2025-10-20 15:14:58.377,3.3,2.254,50.5,Half bent
2025-10-20 15:14:58.427,3.3,2.49,41.6,Slight bend
2025-10-20 15:14:58.477,1.457,2.706,33.5,Slight bend
2025-10-20 15:14:58.527,0.774,2.763,31.4,Slight bend
2025-10-20 15:14:58.577,3.3,3.02,16.8,Slight bend
2025-10-20 15:14:58.627,3.3,3.02,16.8,Slight bend
2025-10-20 15:14:58.677,3.3,3.02,16.8,Slight bend
2025-10-20 15:14:58.727,3.3,3.092,12.5,Extended
2025-10-20 15:14:58.777,3.3,3.3,0.0,Extended
2025-10-20 15:14:58.827,3.3,3.3,0.0,Extended
2025-10-20 15:14:58.877,3.3,3.3,0.0,Extended
2025-10-20 15:14:58.927,3.3,3.3,0.0,Extended
2025-10-20 15:14:58.977,3.3,3.3,0.0,Extended
2025-10-20 15:14:59.027,3.3,3.3,0.0,Extended
2025-10-20 15:14:59.077,3.3,3.3,0.0,Extended
2025-10-20 15:14:59.127,3.3,3.3,0.0,Extended
2025-10-20 15:14:59.177,3.3,3.3,0.0,Extended
2025-10-20 15:14:59.227,3.3,3.3,0.0,Extended
2025-10-20 15:14:59.277,3.3,3.3,0.0,Extended
2025-10-20 15:14:59.327,3.3,3.3,0.0,Extended
2025-10-20 15:14:59.377,3.3,3.3,0.0,Extended
2025-10-20 15:14:59.427,3.3,3.3,0.0,Extended
2025-10-20 15:14:59.477,3.3,3.3,0.0,Extended
2025-10-20 15:14:59.527,3.3,3.3,0.0,Extended
2025-10-20 15:14:59.577,3.3,3.3,0.0,Extended
2025-10-20 15:14:59.627,3.3,3.3,0.0,Extended
2025-10-20 15:14:59.677,3.3,3.3,0.0,Extended
2025-10-20 15:14:59.727,3.3,3.3,0.0,Extended
2025-10-20 15:14:59.777,0.599,3.057,14.6,Extended
2025-10-20 15:14:59.827,0.381,2.77,31.1,Slight bend
2025-10-20 15:14:59.877,0.362,2.479,42.0,Slight bend
2025-10-20 15:14:59.927,0.081,2.132,55.0,Half bent
2025-10-20 15:14:59.977,0.0,1.769,66.9,Half bent
2025-10-20 15:15:00.027,0.0,1.649,70.5,Half bent
2025-10-20 15:15:00.077,0.0,1.573,72.8,Half bent
2025-10-20 15:15:00.127,0.0,1.501,75.0,Half bent
2025-10-20 15:15:00.177,0.0,1.501,75.0,Half bent
2025-10-20 15:15:00.227,0.0,1.501,75.0,Half bent
2025-10-20 15:15:00.277,0.0,1.501,75.0,Half bent
2025-10-20 15:15:00.327,0.0,1.501,75.0,Half bent
2025-10-20 15:15:00.377,0.0,1.501,75.0,Half bent
2025-10-20 15:15:00.427,0.0,1.501,75.0,Half bent
2025-10-20 15:15:00.477,0.0,1.501,75.0,Half bent
2025-10-20 15:15:00.527,0.0,1.501,75.0,Half bent
2025-10-20 15:15:00.577,0.0,1.501,75.0,Half bent
2025-10-20 15:15:00.627,0.0,1.501,75.0,Half bent
2025-10-20 15:15:00.677,0.0,1.501,75.0,Half bent
2025-10-20 15:15:00.727,0.0,1.501,75.0,Half bent
2025-10-20 15:15:00.777,0.0,1.501,75.0,Half bent
2025-10-20 15:15:00.827,0.0,1.501,75.0,Half bent
2025-10-20 15:15:00.877,0.0,1.501,75.0,Half bent
2025-10-20 15:15:00.927,0.0,1.501,75.0,Half bent
2025-10-20 15:15:00.977,0.0,1.501,75.0,Half bent
2025-10-20 15:15:01.027,0.0,1.501,75.0,Half bent
2025-10-20 15:15:01.077,0.0,1.501,75.0,Half bent
2025-10-20 15:15:01.127,0.0,1.501,75.0,Half bent
2025-10-20 15:15:01.177,0.0,1.501,75.0,Half bent
2025-10-20 15:15:01.227,0.0,1.501,75.0,Half bent
2025-10-20 15:15:01.277,0.0,1.501,75.0,Half bent
2025-10-20 15:15:01.327,0.0,1.501,75.0,Half bent
2025-10-20 15:15:01.377,0.0,1.501,75.0,Half bent
2025-10-20 15:15:01.427,0.0,1.501,75.0,Half bent
2025-10-20 15:15:01.477,0.0,1.501,75.0,Half bent
2025-10-20 15:15:01.527,0.0,1.501,75.0,Half bent
2025-10-20 15:15:01.577,0.0,1.501,75.0,Half bent
2025-10-20 15:15:01.627,0.0,1.501,75.0,Half bent
2025-10-20 15:15:01.677,0.0,1.501,75.0,Half bent
2025-10-20 15:15:01.727,0.0,1.501,75.0,Half bent
2025-10-20 15:15:01.777,0.0,1.501,75.0,Half bent
2025-10-20 15:15:01.827,0.0,1.501,75.0,Half bent
2025-10-20 15:15:01.877,0.0,1.501,75.0,Half bent
2025-10-20 15:15:01.927,0.05,1.501,75.0,Half bent
2025-10-20 15:15:01.977,0.0,1.501,75.0,Half bent
2025-10-20 15:15:02.027,0.0,1.501,75.0,Half bent
2025-10-20 15:15:02.077,0.0,1.501,75.0,Half bent
2025-10-20 15:15:02.127,0.0,1.501,75.0,Half bent
2025-10-20 15:15:02.177,0.0,1.501,75.0,Half bent
2025-10-20 15:15:02.227,0.0,1.501,75.0,Half bent
2025-10-20 15:15:02.277,0.0,1.501,75.0,Half bent
2025-10-20 15:15:02.327,0.0,1.501,75.0,Half bent
2025-10-20 15:15:02.377,0.0,1.501,75.0,Half bent
2025-10-20 15:15:02.427,0.0,1.501,75.0,Half bent
2025-10-20 15:15:02.477,0.0,1.501,75.0,Half bent
2025-10-20 15:15:02.527,0.0,1.501,75.0,Half bent
2025-10-20 15:15:02.577,0.0,1.501,75.0,Half bent
2025-10-20 15:15:02.627,0.017,1.501,75.0,Half bent
2025-10-20 15:15:02.677,0.104,1.501,75.0,Half bent
2025-10-20 15:15:02.727,0.374,1.583,72.5,Half bent
2025-10-20 15:15:02.777,0.72,1.727,68.2,Half bent
2025-10-20 15:15:02.827,1.431,2.014,59.5,Half bent
2025-10-20 15:15:02.877,2.019,2.373,46.0,Half bent
2025-10-20 15:15:02.927,3.086,2.716,33.2,Slight bend
2025-10-20 15:15:02.977,3.3,3.004,17.8,Slight bend
2025-10-20 15:15:03.027,3.3,3.223,4.6,Extended
2025-10-20 15:15:03.077,3.3,3.3,0.0,Extended
2025-10-20 15:15:03.127,3.3,3.3,0.0,Extended
2025-10-20 15:15:03.177,3.3,3.3,0.0,Extended
2025-10-20 15:15:03.227,3.3,3.3,0.0,Extended
2025-10-20 15:15:03.277,3.3,3.3,0.0,Extended
2025-10-20 15:15:03.327,3.3,3.3,0.0,Extended
2025-10-20 15:15:03.377,0.425,3.022,16.7,Slight bend
2025-10-20 15:15:03.428,0.308,2.72,33.0,Slight bend
2025-10-20 15:15:03.478,0.31,2.419,44.3,Slight bend
2025-10-20 15:15:03.527,0.186,2.094,56.5,Half bent
2025-10-20 15:15:03.577,0.154,1.761,67.2,Half bent
2025-10-20 15:15:03.627,0.136,1.703,68.9,Half bent
2025-10-20 15:15:03.677,0.143,1.67,69.9,Half bent
2025-10-20 15:15:03.727,0.125,1.633,71.0,Half bent
2025-10-20 15:15:03.777,0.102,1.633,71.0,Half bent
2025-10-20 15:15:03.827,0.095,1.605,71.9,Half bent
2025-10-20 15:15:03.877,0.052,1.605,71.9,Half bent
2025-10-20 15:15:03.927,0.129,1.605,71.9,Half bent
2025-10-20 15:15:03.977,0.16,1.605,71.9,Half bent
2025-10-20 15:15:04.027,0.105,1.605,71.9,Half bent
2025-10-20 15:15:04.077,0.127,1.605,71.9,Half bent
2025-10-20 15:15:04.126,0.09,1.605,71.9,Half bent
2025-10-20 15:15:04.176,0.064,1.605,71.9,Half bent
2025-10-20 15:15:04.226,0.069,1.576,72.7,Half bent
2025-10-20 15:15:04.277,0.06,1.576,72.7,Half bent
2025-10-20 15:15:04.326,0.037,1.549,73.5,Half bent
2025-10-20 15:15:04.376,0.176,1.549,73.5,Half bent
2025-10-20 15:15:04.426,0.372,1.627,71.2,Half bent
2025-10-20 15:15:04.476,3.3,1.977,60.7,Half bent
2025-10-20 15:15:04.526,3.3,2.328,47.7,Half bent
2025-10-20 15:15:04.577,3.3,2.683,34.4,Slight bend
2025-10-20 15:15:04.627,3.3,3.011,17.3,Slight bend
2025-10-20 15:15:04.676,3.3,3.3,0.0,Extended
2025-10-20 15:15:04.727,3.3,3.3,0.0,Extended
2025-10-20 15:15:04.776,1.764,3.3,0.0,Extended
2025-10-20 15:15:04.826,0.692,3.065,14.1,Extended
2025-10-20 15:15:04.877,0.577,2.817,29.0,Slight bend
2025-10-20 15:15:04.927,0.422,2.539,39.8,Slight bend
2025-10-20 15:15:04.976,0.323,2.24,51.0,Half bent
2025-10-20 15:15:05.026,0.206,1.929,62.1,Half bent
2025-10-20 15:15:05.077,0.094,1.809,65.7,Half bent
2025-10-20 15:15:05.127,0.009,1.695,69.1,Half bent
2025-10-20 15:15:05.177,0.0,1.611,71.7,Half bent
2025-10-20 15:15:05.228,0.0,1.546,73.6,Half bent
2025-10-20 15:15:05.277,0.0,1.505,74.8,Half bent
2025-10-20 15:15:05.327,0.0,1.505,74.8,Half bent
2025-10-20 15:15:05.377,0.0,1.485,75.5,Bent
2025-10-20 15:15:05.427,0.0,1.485,75.5,Bent
2025-10-20 15:15:05.477,0.0,1.485,75.5,Bent
2025-10-20 15:15:05.527,0.0,1.485,75.5,Bent
2025-10-20 15:15:05.577,0.0,1.485,75.5,Bent
2025-10-20 15:15:05.628,0.0,1.485,75.5,Bent
2025-10-20 15:15:05.678,0.0,1.485,75.5,Bent
2025-10-20 15:15:05.728,0.0,1.485,75.5,Bent
2025-10-20 15:15:05.778,0.0,1.485,75.5,Bent
2025-10-20 15:15:05.828,0.0,1.485,75.5,Bent
2025-10-20 15:15:05.878,0.0,1.485,75.5,Bent
2025-10-20 15:15:05.928,0.0,1.485,75.5,Bent
2025-10-20 15:15:05.978,0.0,1.485,75.5,Bent
2025-10-20 15:15:06.028,0.0,1.485,75.5,Bent
2025-10-20 15:15:06.079,0.0,1.485,75.5,Bent
2025-10-20 15:15:06.129,0.0,1.485,75.5,Bent
2025-10-20 15:15:06.179,0.0,1.485,75.5,Bent
2025-10-20 15:15:06.229,0.0,1.485,75.5,Bent
2025-10-20 15:15:06.279,0.0,1.485,75.5,Bent
2025-10-20 15:15:06.329,0.0,1.485,75.5,Bent
2025-10-20 15:15:06.379,0.0,1.485,75.5,Bent
2025-10-20 15:15:06.429,0.0,1.485,75.5,Bent
2025-10-20 15:15:06.479,0.0,1.485,75.5,Bent
2025-10-20 15:15:06.529,0.037,1.485,75.5,Bent
2025-10-20 15:15:06.580,0.0,1.485,75.5,Bent
2025-10-20 15:15:06.630,0.0,1.485,75.5,Bent
2025-10-20 15:15:06.680,0.0,1.485,75.5,Bent
2025-10-20 15:15:06.730,0.0,1.485,75.5,Bent
2025-10-20 15:15:06.780,0.0,1.485,75.5,Bent
2025-10-20 15:15:06.830,0.0,1.485,75.5,Bent
2025-10-20 15:15:06.880,0.0,1.485,75.5,Bent
2025-10-20 15:15:06.930,0.0,1.485,75.5,Bent
2025-10-20 15:15:06.980,0.0,1.485,75.5,Bent
2025-10-20 15:15:07.030,0.0,1.485,75.5,Bent
2025-10-20 15:15:07.080,0.0,1.485,75.5,Bent
2025-10-20 15:15:07.131,0.0,1.485,75.5,Bent
2025-10-20 15:15:07.181,0.0,1.485,75.5,Bent
2025-10-20 15:15:07.231,0.0,1.485,75.5,Bent
2025-10-20 15:15:07.281,0.0,1.485,75.5,Bent
2025-10-20 15:15:07.331,0.0,1.485,75.5,Bent
2025-10-20 15:15:07.381,0.0,1.485,75.5,Bent
2025-10-20 15:15:07.431,0.0,1.485,75.5,Bent
2025-10-20 15:15:07.481,0.0,1.485,75.5,Bent
2025-10-20 15:15:07.531,0.0,1.485,75.5,Bent
2025-10-20 15:15:07.581,0.0,1.485,75.5,Bent
2025-10-20 15:15:07.631,0.0,1.485,75.5,Bent
2025-10-20 15:15:07.681,0.0,1.485,75.5,Bent
2025-10-20 15:15:07.732,0.027,1.485,75.5,Bent
2025-10-20 15:15:07.783,0.219,1.534,74.0,Half bent
2025-10-20 15:15:07.833,2.12,1.897,63.1,Half bent
2025-10-20 15:15:07.883,3.3,2.26,50.3,Half bent
2025-10-20 15:15:07.933,3.3,2.623,36.6,Slight bend
2025-10-20 15:15:07.983,3.3,2.981,19.2,Slight bend
2025-10-20 15:15:08.032,3.3,3.3,0.0,Extended
2025-10-20 15:15:08.082,3.3,3.3,0.0,Extended
2025-10-20 15:15:08.132,3.3,3.3,0.0,Extended
2025-10-20 15:15:08.182,3.3,3.3,0.0,Extended
2025-10-20 15:15:08.232,3.3,3.3,0.0,Extended
2025-10-20 15:15:08.283,3.3,3.3,0.0,Extended
2025-10-20 15:15:08.333,3.3,3.3,0.0,Extended
2025-10-20 15:15:08.383,3.3,3.3,0.0,Extended
2025-10-20 15:15:08.434,0.501,3.037,15.8,Slight bend
2025-10-20 15:15:08.484,0.37,2.748,31.9,Slight bend
2025-10-20 15:15:08.534,0.247,2.434,43.7,Slight bend
2025-10-20 15:15:08.584,0.269,2.125,55.3,Half bent
2025-10-20 15:15:08.634,0.291,1.82,65.4,Half bent
2025-10-20 15:15:08.684,0.346,1.789,66.3,Half bent
2025-10-20 15:15:08.734,0.412,1.789,66.3,Half bent
2025-10-20 15:15:08.784,0.592,1.866,64.0,Half bent
2025-10-20 15:15:08.834,3.3,2.176,53.4,Half bent
2025-10-20 15:15:08.884,3.3,2.48,42.0,Slight bend
2025-10-20 15:15:08.935,3.3,2.774,31.0,Slight bend
2025-10-20 15:15:08.985,3.3,3.055,14.7,Extended
2025-10-20 15:15:09.034,3.3,3.3,0.0,Extended
2025-10-20 15:15:09.084,3.3,3.3,0.0,Extended
2025-10-20 15:15:09.134,3.3,3.3,0.0,Extended
2025-10-20 15:15:09.184,3.3,3.3,0.0,Extended
2025-10-20 15:15:09.234,3.3,3.3,0.0,Extended
2025-10-20 15:15:09.284,3.3,3.3,0.0,Extended
2025-10-20 15:15:09.334,3.3,3.3,0.0,Extended
2025-10-20 15:15:09.384,3.3,3.3,0.0,Extended
2025-10-20 15:15:09.435,3.3,3.3,0.0,Extended
2025-10-20 15:15:09.485,3.3,3.3,0.0,Extended
2025-10-20 15:15:09.535,1.177,3.172,7.7,Extended
2025-10-20 15:15:09.586,0.308,2.871,25.8,Slight bend
2025-10-20 15:15:09.636,0.214,2.55,39.4,Slight bend
2025-10-20 15:15:09.686,0.164,2.22,51.7,Half bent
2025-10-20 15:15:09.736,0.173,1.892,63.3,Half bent
2025-10-20 15:15:09.786,0.14,1.684,69.5,Half bent
2025-10-20 15:15:09.836,0.153,1.653,70.4,Half bent
2025-10-20 15:15:09.886,0.181,1.653,70.4,Half bent
2025-10-20 15:15:09.936,0.146,1.653,70.4,Half bent
2025-10-20 15:15:09.986,0.133,1.653,70.4,Half bent
2025-10-20 15:15:10.036,0.172,1.653,70.4,Half bent
2025-10-20 15:15:10.086,0.112,1.633,71.0,Half bent
2025-10-20 15:15:10.136,0.078,1.613,71.6,Half bent
2025-10-20 15:15:10.187,0.103,1.613,71.6,Half bent
2025-10-20 15:15:10.237,0.152,1.613,71.6,Half bent
2025-10-20 15:15:10.287,0.139,1.613,71.6,Half bent
2025-10-20 15:15:10.337,0.168,1.613,71.6,Half bent
2025-10-20 15:15:10.387,0.168,1.613,71.6,Half bent
2025-10-20 15:15:10.437,0.209,1.652,70.5,Half bent
2025-10-20 15:15:10.487,3.3,1.984,60.5,Half bent
2025-10-20 15:15:10.537,3.3,2.319,48.0,Half bent
2025-10-20 15:15:10.587,3.09,2.649,35.7,Slight bend
2025-10-20 15:15:10.637,0.567,2.729,32.7,Slight bend
2025-10-20 15:15:10.687,0.451,2.778,30.8,Slight bend
2025-10-20 15:15:10.737,0.353,2.485,41.8,Slight bend
2025-10-20 15:15:10.788,0.104,2.143,54.6,Half bent
2025-10-20 15:15:10.838,0.004,1.78,66.6,Half bent
2025-10-20 15:15:10.888,0.0,1.667,70.0,Half bent
2025-10-20 15:15:10.938,0.0,1.577,72.7,Half bent
2025-10-20 15:15:10.988,0.0,1.506,74.8,Half bent
2025-10-20 15:15:11.037,0.0,1.485,75.4,Bent
2025-10-20 15:15:11.087,0.0,1.485,75.4,Bent
2025-10-20 15:15:11.137,0.0,1.485,75.4,Bent
2025-10-20 15:15:11.187,0.0,1.485,75.4,Bent
2025-10-20 15:15:11.237,0.0,1.485,75.4,Bent
2025-10-20 15:15:11.287,0.0,1.485,75.4,Bent
2025-10-20 15:15:11.338,0.0,1.485,75.4,Bent
2025-10-20 15:15:11.388,0.0,1.485,75.4,Bent
2025-10-20 15:15:11.438,0.0,1.485,75.4,Bent
2025-10-20 15:15:11.488,0.0,1.485,75.4,Bent
2025-10-20 15:15:11.538,0.0,1.485,75.4,Bent
2025-10-20 15:15:11.588,0.006,1.485,75.4,Bent
2025-10-20 15:15:11.638,0.0,1.485,75.4,Bent
2025-10-20 15:15:11.688,0.0,1.485,75.4,Bent
2025-10-20 15:15:11.738,0.0,1.485,75.4,Bent
2025-10-20 15:15:11.788,0.0,1.485,75.4,Bent
2025-10-20 15:15:11.838,0.0,1.485,75.4,Bent
2025-10-20 15:15:11.888,0.0,1.485,75.4,Bent
2025-10-20 15:15:11.939,0.0,1.485,75.4,Bent
2025-10-20 15:15:11.989,0.0,1.485,75.4,Bent
2025-10-20 15:15:12.039,0.0,1.485,75.4,Bent
2025-10-20 15:15:12.089,0.0,1.485,75.4,Bent
2025-10-20 15:15:12.139,0.0,1.485,75.4,Bent
2025-10-20 15:15:12.189,0.051,1.485,75.4,Bent
2025-10-20 15:15:12.240,0.142,1.523,74.3,Half bent
2025-10-20 15:15:12.290,0.25,1.573,72.8,Half bent
2025-10-20 15:15:12.340,1.207,1.814,65.6,Half bent
2025-10-20 15:15:12.390,3.3,2.178,53.3,Half bent
2025-10-20 15:15:12.440,3.3,2.53,40.1,Slight bend
2025-10-20 15:15:12.490,3.3,2.865,26.1,Slight bend
2025-10-20 15:15:12.540,3.3,3.178,7.3,Extended
2025-10-20 15:15:12.590,3.3,3.3,0.0,Extended
2025-10-20 15:15:12.641,0.363,3.009,17.4,Slight bend
2025-10-20 15:15:12.691,0.052,2.657,35.4,Slight bend
2025-10-20 15:15:12.741,0.057,2.305,48.6,Half bent
2025-10-20 15:15:12.791,0.038,1.949,61.5,Half bent
2025-10-20 15:15:12.841,0.168,1.62,71.4,Half bent
2025-10-20 15:15:12.891,0.092,1.566,73.0,Half bent
2025-10-20 15:15:12.941,0.09,1.566,73.0,Half bent
2025-10-20 15:15:12.991,0.1,1.566,73.0,Half bent
2025-10-20 15:15:13.041,0.11,1.597,72.1,Half bent
2025-10-20 15:15:13.091,0.11,1.597,72.1,Half bent
2025-10-20 15:15:13.141,0.109,1.597,72.1,Half bent
2025-10-20 15:15:13.191,0.107,1.597,72.1,Half bent
2025-10-20 15:15:13.241,0.116,1.597,72.1,Half bent
2025-10-20 15:15:13.291,0.115,1.597,72.1,Half bent
2025-10-20 15:15:13.342,0.126,1.597,72.1,Half bent
2025-10-20 15:15:13.392,0.118,1.597,72.1,Half bent
2025-10-20 15:15:13.442,0.103,1.597,72.1,Half bent
2025-10-20 15:15:13.492,0.111,1.597,72.1,Half bent
2025-10-20 15:15:13.542,0.109,1.597,72.1,Half bent
2025-10-20 15:15:13.592,0.127,1.597,72.1,Half bent
2025-10-20 15:15:13.642,0.102,1.597,72.1,Half bent
2025-10-20 15:15:13.692,0.114,1.597,72.1,Half bent
2025-10-20 15:15:13.742,0.107,1.597,72.1,Half bent
2025-10-20 15:15:13.792,0.11,1.597,72.1,Half bent
2025-10-20 15:15:13.842,0.117,1.597,72.1,Half bent
2025-10-20 15:15:13.892,0.114,1.597,72.1,Half bent
2025-10-20 15:15:13.943,0.117,1.597,72.1,Half bent
2025-10-20 15:15:13.992,0.118,1.597,72.1,Half bent
2025-10-20 15:15:14.043,0.074,1.597,72.1,Half bent
2025-10-20 15:15:14.093,0.049,1.597,72.1,Half bent
2025-10-20 15:15:14.143,0.048,1.566,73.0,Half bent
2025-10-20 15:15:14.193,0.039,1.566,73.0,Half bent
2025-10-20 15:15:14.243,0.064,1.539,73.8,Half bent
2025-10-20 15:15:14.293,0.064,1.539,73.8,Half bent
2025-10-20 15:15:14.343,0.044,1.539,73.8,Half bent
2025-10-20 15:15:14.393,0.0,1.539,73.8,Half bent
2025-10-20 15:15:14.443,0.039,1.539,73.8,Half bent
2025-10-20 15:15:14.493,0.082,1.539,73.8,Half bent
2025-10-20 15:15:14.543,0.057,1.539,73.8,Half bent
2025-10-20 15:15:14.593,0.06,1.539,73.8,Half bent
2025-10-20 15:15:14.644,0.064,1.539,73.8,Half bent
2025-10-20 15:15:14.694,0.06,1.539,73.8,Half bent
2025-10-20 15:15:14.744,0.065,1.539,73.8,Half bent
2025-10-20 15:15:14.794,0.052,1.539,73.8,Half bent
2025-10-20 15:15:14.844,0.076,1.539,73.8,Half bent
2025-10-20 15:15:14.894,0.089,1.539,73.8,Half bent
2025-10-20 15:15:14.944,0.098,1.56,73.2,Half bent
2025-10-20 15:15:14.994,0.431,1.634,71.0,Half bent
2025-10-20 15:15:15.044,3.3,1.986,60.4,Half bent
2025-10-20 15:15:15.094,3.3,2.334,47.5,Half bent
2025-10-20 15:15:15.144,3.3,2.68,34.5,Slight bend
2025-10-20 15:15:15.194,3.3,3.023,16.6,Slight bend
2025-10-20 15:15:15.244,0.347,3.023,16.6,Slight bend
2025-10-20 15:15:15.294,0.0,2.643,35.9,Slight bend
2025-10-20 15:15:15.344,0.0,2.28,49.5,Half bent
2025-10-20 15:15:15.394,0.0,1.917,62.5,Half bent
2025-10-20 15:15:15.444,0.0,1.554,73.4,Half bent
2025-10-20 15:15:15.494,0.0,1.485,75.5,Bent
2025-10-20 15:15:15.544,0.0,1.485,75.5,Bent
2025-10-20 15:15:15.594,0.0,1.485,75.5,Bent
2025-10-20 15:15:15.645,0.0,1.485,75.5,Bent
2025-10-20 15:15:15.694,0.0,1.485,75.5,Bent
2025-10-20 15:15:15.744,0.0,1.485,75.5,Bent
2025-10-20 15:15:15.794,0.0,1.485,75.5,Bent
2025-10-20 15:15:15.845,0.0,1.485,75.5,Bent
2025-10-20 15:15:15.894,0.0,1.485,75.5,Bent
2025-10-20 15:15:15.944,0.0,1.485,75.5,Bent
2025-10-20 15:15:15.994,0.0,1.485,75.5,Bent
2025-10-20 15:15:16.044,0.0,1.485,75.5,Bent
2025-10-20 15:15:16.094,0.0,1.485,75.5,Bent
2025-10-20 15:15:16.145,0.0,1.485,75.5,Bent
2025-10-20 15:15:16.196,0.0,1.485,75.5,Bent
2025-10-20 15:15:16.246,0.0,1.485,75.5,Bent
2025-10-20 15:15:16.295,0.0,1.485,75.5,Bent
2025-10-20 15:15:16.346,0.0,1.485,75.5,Bent
2025-10-20 15:15:16.396,0.0,1.485,75.5,Bent
2025-10-20 15:15:16.446,0.0,1.485,75.5,Bent
2025-10-20 15:15:16.496,0.0,1.485,75.5,Bent
2025-10-20 15:15:16.546,0.0,1.485,75.5,Bent
2025-10-20 15:15:16.596,0.0,1.485,75.5,Bent
2025-10-20 15:15:16.646,0.0,1.485,75.5,Bent
2025-10-20 15:15:16.696,0.0,1.485,75.5,Bent
2025-10-20 15:15:16.746,0.0,1.485,75.5,Bent
2025-10-20 15:15:16.796,0.0,1.485,75.5,Bent
2025-10-20 15:15:16.847,0.0,1.485,75.5,Bent
2025-10-20 15:15:16.896,0.0,1.485,75.5,Bent
2025-10-20 15:15:16.947,0.0,1.485,75.5,Bent
2025-10-20 15:15:16.997,0.0,1.485,75.5,Bent
2025-10-20 15:15:17.047,0.0,1.485,75.5,Bent
2025-10-20 15:15:17.097,0.0,1.485,75.5,Bent
2025-10-20 15:15:17.147,0.0,1.485,75.5,Bent
2025-10-20 15:15:17.197,0.0,1.485,75.5,Bent
2025-10-20 15:15:17.247,0.0,1.485,75.5,Bent
2025-10-20 15:15:17.297,0.0,1.485,75.5,Bent
2025-10-20 15:15:17.347,0.009,1.485,75.5,Bent
2025-10-20 15:15:17.397,0.131,1.512,74.6,Half bent
2025-10-20 15:15:17.447,0.179,1.548,73.6,Half bent
2025-10-20 15:15:17.497,0.567,1.661,70.2,Half bent
2025-10-20 15:15:17.548,0.569,1.775,66.7,Half bent
2025-10-20 15:15:17.597,0.554,1.884,63.5,Half bent
2025-10-20 15:15:17.647,1.144,2.087,56.7,Half bent
2025-10-20 15:15:17.698,0.788,2.209,52.2,Half bent
2025-10-20 15:15:17.748,1.017,2.299,48.8,Half bent
2025-10-20 15:15:17.798,0.836,2.352,46.8,Half bent
2025-10-20 15:15:17.848,2.452,2.604,37.3,Slight bend
2025-10-20 15:15:17.898,0.489,2.474,42.2,Slight bend
2025-10-20 15:15:17.948,0.044,2.325,47.8,Half bent
2025-10-20 15:15:17.998,0.02,2.125,55.3,Half bent
2025-10-20 15:15:18.048,0.069,1.972,60.8,Half bent
2025-10-20 15:15:18.098,0.06,1.621,71.4,Half bent
2025-10-20 15:15:18.148,0.08,1.539,73.8,Half bent
2025-10-20 15:15:18.198,0.077,1.539,73.8,Half bent
2025-10-20 15:15:18.248,0.089,1.559,73.2,Half bent
2025-10-20 15:15:18.298,0.093,1.559,73.2,Half bent
2025-10-20 15:15:18.349,0.09,1.559,73.2,Half bent
2025-10-20 15:15:18.399,0.118,1.559,73.2,Half bent
2025-10-20 15:15:18.449,0.142,1.591,72.3,Half bent
2025-10-20 15:15:18.499,0.172,1.591,72.3,Half bent
2025-10-20 15:15:18.549,0.294,1.648,70.6,Half bent
2025-10-20 15:15:18.599,0.297,1.689,69.3,Half bent
2025-10-20 15:15:18.649,0.297,1.725,68.3,Half bent
2025-10-20 15:15:18.699,0.272,1.751,67.5,Half bent
2025-10-20 15:15:18.749,0.198,1.751,67.5,Half bent
2025-10-20 15:15:18.799,0.147,1.727,68.2,Half bent
2025-10-20 15:15:18.849,0.078,1.683,69.5,Half bent
2025-10-20 15:15:18.899,0.098,1.643,70.7,Half bent
2025-10-20 15:15:18.949,0.065,1.602,71.9,Half bent
2025-10-20 15:15:18.999,0.118,1.602,71.9,Half bent
2025-10-20 15:15:19.049,0.132,1.602,71.9,Half bent
2025-10-20 15:15:19.099,0.111,1.602,71.9,Half bent
2025-10-20 15:15:19.149,0.191,1.602,71.9,Half bent
2025-10-20 15:15:19.200,2.901,1.958,61.3,Half bent
2025-10-20 15:15:19.250,3.3,2.298,48.8,Half bent
2025-10-20 15:15:19.300,3.3,2.634,36.2,Slight bend
2025-10-20 15:15:19.350,3.3,2.975,19.5,Slight bend
2025-10-20 15:15:19.400,3.3,3.3,0.0,Extended
2025-10-20 15:15:19.450,3.3,3.3,0.0,Extended
2025-10-20 15:15:19.500,3.3,3.3,0.0,Extended
2025-10-20 15:15:19.550,3.3,3.3,0.0,Extended
2025-10-20 15:15:19.600,3.3,3.3,0.0,Extended
2025-10-20 15:15:19.650,3.3,3.3,0.0,Extended
2025-10-20 15:15:19.700,3.3,3.3,0.0,Extended
2025-10-20 15:15:19.750,3.3,3.3,0.0,Extended
2025-10-20 15:15:19.800,3.3,3.3,0.0,Extended
2025-10-20 15:15:19.850,3.3,3.3,0.0,Extended
2025-10-20 15:15:19.901,0.774,3.092,12.5,Extended
2025-10-20 15:15:19.950,0.0,2.729,32.7,Slight bend
2025-10-20 15:15:20.001,0.0,2.365,46.3,Half bent
2025-10-20 15:15:20.051,0.0,2.002,59.9,Half bent
2025-10-20 15:15:20.101,0.0,1.639,70.8,Half bent
2025-10-20 15:15:20.151,0.0,1.485,75.5,Bent
2025-10-20 15:15:20.201,0.0,1.485,75.5,Bent
2025-10-20 15:15:20.251,0.0,1.485,75.5,Bent
2025-10-20 15:15:20.301,0.0,1.485,75.5,Bent
2025-10-20 15:15:20.351,0.0,1.485,75.5,Bent
2025-10-20 15:15:20.401,0.0,1.485,75.5,Bent
2025-10-20 15:15:20.451,0.0,1.485,75.5,Bent
2025-10-20 15:15:20.501,0.0,1.485,75.5,Bent
2025-10-20 15:15:20.551,0.0,1.485,75.5,Bent
2025-10-20 15:15:20.601,0.0,1.485,75.5,Bent
2025-10-20 15:15:20.651,0.0,1.485,75.5,Bent
2025-10-20 15:15:20.701,0.0,1.485,75.5,Bent
2025-10-20 15:15:20.752,0.0,1.485,75.5,Bent
2025-10-20 15:15:20.802,0.0,1.485,75.5,Bent
2025-10-20 15:15:20.852,0.0,1.485,75.5,Bent
2025-10-20 15:15:20.902,0.0,1.485,75.5,Bent
2025-10-20 15:15:20.952,0.0,1.485,75.5,Bent
2025-10-20 15:15:21.002,0.0,1.485,75.5,Bent
2025-10-20 15:15:21.052,0.0,1.485,75.5,Bent
2025-10-20 15:15:21.102,0.0,1.485,75.5,Bent
2025-10-20 15:15:21.152,0.0,1.485,75.5,Bent
2025-10-20 15:15:21.202,0.0,1.485,75.5,Bent
2025-10-20 15:15:21.252,0.0,1.485,75.5,Bent
2025-10-20 15:15:21.302,0.0,1.485,75.5,Bent
2025-10-20 15:15:21.352,0.0,1.485,75.5,Bent
2025-10-20 15:15:21.402,0.031,1.485,75.5,Bent
2025-10-20 15:15:21.452,0.245,1.54,73.8,Half bent
2025-10-20 15:15:21.502,1.033,1.746,67.6,Half bent
2025-10-20 15:15:21.552,0.228,1.792,66.2,Half bent
2025-10-20 15:15:21.602,0.027,1.792,66.2,Half bent
2025-10-20 15:15:21.653,0.012,1.792,66.2,Half bent
2025-10-20 15:15:21.703,0.068,1.758,67.3,Half bent
2025-10-20 15:15:21.753,0.06,1.563,73.1,Half bent
2025-10-20 15:15:21.803,0.017,1.521,74.4,Half bent
2025-10-20 15:15:21.853,0.0,1.521,74.4,Half bent
2025-10-20 15:15:21.903,0.004,1.521,74.4,Half bent
2025-10-20 15:15:21.953,0.361,1.573,72.8,Half bent
2025-10-20 15:15:22.003,0.251,1.611,71.7,Half bent
2025-10-20 15:15:22.053,0.267,1.661,70.2,Half bent
2025-10-20 15:15:22.103,0.254,1.712,68.6,Half bent
2025-10-20 15:15:22.153,0.305,1.772,66.8,Half bent
2025-10-20 15:15:22.203,0.254,1.751,67.5,Half bent
2025-10-20 15:15:22.253,0.178,1.751,67.5,Half bent
2025-10-20 15:15:22.303,0.251,1.751,67.5,Half bent
2025-10-20 15:15:22.353,0.268,1.751,67.5,Half bent
2025-10-20 15:15:22.403,0.25,1.724,68.3,Half bent
2025-10-20 15:15:22.453,0.23,1.724,68.3,Half bent
2025-10-20 15:15:22.504,0.241,1.724,68.3,Half bent
2025-10-20 15:15:22.554,0.274,1.724,68.3,Half bent
2025-10-20 15:15:22.604,0.336,1.751,67.5,Half bent
2025-10-20 15:15:22.654,0.322,1.751,67.5,Half bent
2025-10-20 15:15:22.704,0.302,1.78,66.6,Half bent
2025-10-20 15:15:22.754,0.276,1.78,66.6,Half bent
2025-10-20 15:15:22.804,0.272,1.78,66.6,Half bent
2025-10-20 15:15:22.854,0.247,1.78,66.6,Half bent
2025-10-20 15:15:22.904,0.208,1.746,67.6,Half bent
2025-10-20 15:15:22.954,0.17,1.719,68.4,Half bent
2025-10-20 15:15:23.004,0.205,1.719,68.4,Half bent
2025-10-20 15:15:23.054,0.217,1.694,69.2,Half bent
2025-10-20 15:15:23.104,0.389,1.722,68.3,Half bent
2025-10-20 15:15:23.154,0.152,1.722,68.3,Half bent
2025-10-20 15:15:23.204,0.172,1.722,68.3,Half bent
2025-10-20 15:15:23.254,0.155,1.701,69.0,Half bent
2025-10-20 15:15:23.304,0.147,1.701,69.0,Half bent
2025-10-20 15:15:23.354,0.094,1.628,71.1,Half bent
2025-10-20 15:15:23.405,0.048,1.608,71.8,Half bent
2025-10-20 15:15:23.455,0.021,1.578,72.7,Half bent
2025-10-20 15:15:23.505,0.0,1.547,73.6,Half bent
2025-10-20 15:15:23.555,0.0,1.517,74.5,Half bent
2025-10-20 15:15:23.605,0.0,1.517,74.5,Half bent
2025-10-20 15:15:23.655,0.0,1.489,75.3,Bent
2025-10-20 15:15:23.705,0.0,1.489,75.3,Bent
2025-10-20 15:15:23.755,0.0,1.489,75.3,Bent
2025-10-20 15:15:23.805,0.0,1.489,75.3,Bent
2025-10-20 15:15:23.855,0.041,1.489,75.3,Bent
2025-10-20 15:15:23.905,0.0,1.489,75.3,Bent
2025-10-20 15:15:23.955,0.0,1.489,75.3,Bent
2025-10-20 15:15:24.005,0.0,1.489,75.3,Bent
2025-10-20 15:15:24.055,0.017,1.489,75.3,Bent
2025-10-20 15:15:24.105,0.015,1.489,75.3,Bent
2025-10-20 15:15:24.155,0.0,1.489,75.3,Bent
2025-10-20 15:15:24.205,0.026,1.489,75.3,Bent
2025-10-20 15:15:24.255,0.0,1.489,75.3,Bent
2025-10-20 15:15:24.306,0.0,1.489,75.3,Bent
2025-10-20 15:15:24.356,0.006,1.489,75.3,Bent
2025-10-20 15:15:24.406,0.05,1.489,75.3,Bent
2025-10-20 15:15:24.456,0.08,1.512,74.7,Half bent
2025-10-20 15:15:24.506,0.086,1.512,74.7,Half bent
2025-10-20 15:15:24.556,0.073,1.543,73.7,Half bent
2025-10-20 15:15:24.606,0.055,1.543,73.7,Half bent
2025-10-20 15:15:24.656,0.059,1.543,73.7,Half bent
2025-10-20 15:15:24.706,0.086,1.543,73.7,Half bent
2025-10-20 15:15:24.756,0.039,1.543,73.7,Half bent
2025-10-20 15:15:24.806,0.044,1.543,73.7,Half bent
2025-10-20 15:15:24.856,0.043,1.543,73.7,Half bent
2025-10-20 15:15:24.906,0.08,1.543,73.7,Half bent
2025-10-20 15:15:24.956,0.106,1.543,73.7,Half bent
2025-10-20 15:15:25.006,0.128,1.565,73.1,Half bent
2025-10-20 15:15:25.056,0.125,1.565,73.1,Half bent
2025-10-20 15:15:25.106,0.247,1.622,71.4,Half bent
2025-10-20 15:15:25.156,0.114,1.622,71.4,Half bent
2025-10-20 15:15:25.206,0.55,1.717,68.5,Half bent
2025-10-20 15:15:25.256,3.3,2.055,57.9,Half bent
2025-10-20 15:15:25.307,1.032,2.236,51.1,Half bent
2025-10-20 15:15:25.357,0.882,2.363,46.4,Half bent
2025-10-20 15:15:25.407,2.36,2.704,33.6,Slight bend
2025-10-20 15:15:25.457,1.001,2.794,30.2,Slight bend
2025-10-20 15:15:25.507,0.463,2.523,40.4,Slight bend
2025-10-20 15:15:25.557,0.473,2.412,44.6,Slight bend
2025-10-20 15:15:25.607,0.396,2.314,48.2,Half bent
2025-10-20 15:15:25.657,0.348,2.021,59.2,Half bent
2025-10-20 15:15:25.707,0.333,1.887,63.4,Half bent
2025-10-20 15:15:25.757,3.3,2.158,54.1,Half bent
2025-10-20 15:15:25.808,3.3,2.426,44.0,Slight bend
2025-10-20 15:15:25.857,3.3,2.71,33.4,Slight bend
2025-10-20 15:15:25.908,3.3,3.003,17.8,Slight bend
2025-10-20 15:15:25.957,3.3,3.3,0.0,Extended
2025-10-20 15:15:26.007,3.3,3.3,0.0,Extended
2025-10-20 15:15:26.057,3.3,3.3,0.0,Extended
2025-10-20 15:15:26.107,3.3,3.3,0.0,Extended
2025-10-20 15:15:26.158,3.3,3.3,0.0,Extended
2025-10-20 15:15:26.208,3.3,3.3,0.0,Extended
2025-10-20 15:15:26.257,3.3,3.3,0.0,Extended
2025-10-20 15:15:26.308,3.3,3.3,0.0,Extended
2025-10-20 15:15:26.359,0.426,3.022,16.7,Slight bend
2025-10-20 15:15:26.409,0.067,2.672,34.8,Slight bend
2025-10-20 15:15:26.458,0.031,2.316,48.2,Half bent
2025-10-20 15:15:26.508,0.0,1.953,61.4,Half bent
2025-10-20 15:15:26.558,0.0,1.589,72.3,Half bent
2025-10-20 15:15:26.608,0.0,1.504,74.9,Half bent
2025-10-20 15:15:26.658,0.0,1.504,74.9,Half bent
2025-10-20 15:15:26.708,0.0,1.504,74.9,Half bent
2025-10-20 15:15:26.758,0.0,1.504,74.9,Half bent
2025-10-20 15:15:26.808,0.0,1.504,74.9,Half bent
2025-10-20 15:15:26.858,0.026,1.504,74.9,Half bent
2025-10-20 15:15:26.908,1.845,1.853,64.4,Half bent
2025-10-20 15:15:26.958,1.12,2.077,57.1,Half bent
2025-10-20 15:15:27.008,0.241,2.125,55.3,Half bent
2025-10-20 15:15:27.058,0.131,2.151,54.3,Half bent
2025-10-20 15:15:27.108,0.284,2.203,52.4,Half bent
2025-10-20 15:15:27.159,0.083,1.856,64.3,Half bent
2025-10-20 15:15:27.208,0.09,1.65,70.5,Half bent
2025-10-20 15:15:27.259,0.101,1.622,71.3,Half bent
2025-10-20 15:15:27.309,0.094,1.622,71.3,Half bent
2025-10-20 15:15:27.359,0.073,1.573,72.8,Half bent
2025-10-20 15:15:27.409,0.057,1.573,72.8,Half bent
2025-10-20 15:15:27.459,0.059,1.573,72.8,Half bent
2025-10-20 15:15:27.509,0.056,1.552,73.4,Half bent
2025-10-20 15:15:27.559,0.037,1.552,73.4,Half bent
2025-10-20 15:15:27.609,0.085,1.552,73.4,Half bent
2025-10-20 15:15:27.659,0.102,1.552,73.4,Half bent
2025-10-20 15:15:27.709,0.219,1.584,72.5,Half bent
2025-10-20 15:15:27.759,0.309,1.635,71.0,Half bent
2025-10-20 15:15:27.809,0.231,1.674,69.8,Half bent
2025-10-20 15:15:27.859,0.285,1.714,68.6,Half bent
2025-10-20 15:15:27.909,0.271,1.748,67.6,Half bent
2025-10-20 15:15:27.959,0.412,1.786,66.4,Half bent
2025-10-20 15:15:28.009,0.668,1.858,64.3,Half bent
2025-10-20 15:15:28.059,0.322,1.858,64.3,Half bent
2025-10-20 15:15:28.109,0.504,1.92,62.4,Half bent
2025-10-20 15:15:28.159,0.708,2.007,59.7,Half bent
2025-10-20 15:15:28.210,0.657,2.056,57.9,Half bent
2025-10-20 15:15:28.260,2.411,2.286,49.3,Half bent
2025-10-20 15:15:28.310,3.3,2.584,38.1,Slight bend
2025-10-20 15:15:28.361,3.3,2.847,27.2,Slight bend
2025-10-20 15:15:28.410,3.3,3.068,13.9,Extended
2025-10-20 15:15:28.460,3.3,3.3,0.0,Extended
2025-10-20 15:15:28.510,3.3,3.3,0.0,Extended
2025-10-20 15:15:28.560,3.3,3.3,0.0,Extended
2025-10-20 15:15:28.610,3.3,3.3,0.0,Extended
2025-10-20 15:15:28.660,3.004,3.3,0.0,Extended
2025-10-20 15:15:28.710,0.787,3.094,12.3,Extended
2025-10-20 15:15:28.761,0.747,2.881,25.2,Slight bend
2025-10-20 15:15:28.811,0.492,2.616,36.9,Slight bend
2025-10-20 15:15:28.860,0.52,2.357,46.6,Half bent
2025-10-20 15:15:28.910,0.554,2.105,56.1,Half bent
2025-10-20 15:15:28.961,0.521,2.051,58.1,Half bent
2025-10-20 15:15:29.010,0.541,2.01,59.6,Half bent
2025-10-20 15:15:29.060,0.538,2.01,59.6,Half bent
2025-10-20 15:15:29.110,0.327,1.981,60.6,Half bent
2025-10-20 15:15:29.160,0.19,1.908,62.8,Half bent
2025-10-20 15:15:29.211,0.22,1.848,64.6,Half bent
2025-10-20 15:15:29.261,1.485,2.037,58.6,Half bent
2025-10-20 15:15:29.311,3.3,2.292,49.0,Half bent
2025-10-20 15:15:29.361,0.482,2.323,47.9,Half bent
2025-10-20 15:15:29.411,0.238,2.323,47.9,Half bent
2025-10-20 15:15:29.461,0.293,2.347,47.0,Half bent
2025-10-20 15:15:29.511,0.132,2.076,57.1,Half bent
2025-10-20 15:15:29.561,0.086,1.731,68.1,Half bent
2025-10-20 15:15:29.611,0.065,1.647,70.6,Half bent
2025-10-20 15:15:29.662,0.65,1.73,68.1,Half bent
2025-10-20 15:15:29.711,0.447,1.761,67.2,Half bent
2025-10-20 15:15:29.762,0.309,1.796,66.1,Half bent
2025-10-20 15:15:29.811,0.348,1.849,64.5,Half bent
2025-10-20 15:15:29.861,0.383,1.912,62.6,Half bent
2025-10-20 15:15:29.912,0.585,1.912,62.6,Half bent
2025-10-20 15:15:29.961,1.032,2.016,59.4,Half bent
2025-10-20 15:15:30.012,3.3,2.317,48.1,Half bent
2025-10-20 15:15:30.062,3.3,2.611,37.1,Slight bend
2025-10-20 15:15:30.112,3.3,2.897,24.2,Slight bend
2025-10-20 15:15:30.161,3.3,3.143,9.4,Extended
2025-10-20 15:15:30.212,0.773,3.091,12.5,Extended
2025-10-20 15:15:30.262,0.404,2.809,29.5,Slight bend
2025-10-20 15:15:30.312,0.0,2.446,43.3,Slight bend
2025-10-20 15:15:30.362,0.0,2.083,56.9,Half bent
2025-10-20 15:15:30.412,0.343,1.788,66.3,Half bent
2025-10-20 15:15:30.462,0.0,1.634,71.0,Half bent
2025-10-20 15:15:30.513,0.0,1.553,73.4,Half bent
2025-10-20 15:15:30.563,0.0,1.553,73.4,Half bent
2025-10-20 15:15:30.613,0.0,1.553,73.4,Half bent
2025-10-20 15:15:30.662,0.0,1.485,75.5,Bent
2025-10-20 15:15:30.712,0.0,1.485,75.5,Bent
2025-10-20 15:15:30.762,0.0,1.485,75.5,Bent
2025-10-20 15:15:30.812,0.0,1.485,75.5,Bent
2025-10-20 15:15:30.862,0.0,1.485,75.5,Bent
2025-10-20 15:15:30.912,0.0,1.485,75.5,Bent
2025-10-20 15:15:30.962,0.0,1.485,75.5,Bent
2025-10-20 15:15:31.012,0.0,1.485,75.5,Bent
2025-10-20 15:15:31.062,0.0,1.485,75.5,Bent
2025-10-20 15:15:31.112,0.0,1.485,75.5,Bent
2025-10-20 15:15:31.162,0.0,1.485,75.5,Bent
2025-10-20 15:15:31.212,0.0,1.485,75.5,Bent
2025-10-20 15:15:31.262,0.0,1.485,75.5,Bent
2025-10-20 15:15:31.312,0.09,1.485,75.5,Bent
2025-10-20 15:15:31.363,0.098,1.522,74.3,Half bent
2025-10-20 15:15:31.413,0.351,1.592,72.2,Half bent
2025-10-20 15:15:31.463,0.836,1.759,67.2,Half bent
2025-10-20 15:15:31.514,1.181,1.996,60.1,Half bent
2025-10-20 15:15:31.564,3.3,2.341,47.2,Half bent
2025-10-20 15:15:31.614,0.479,2.417,44.4,Slight bend
2025-10-20 15:15:31.664,0.221,2.391,45.3,Half bent
2025-10-20 15:15:31.714,0.141,2.252,50.6,Half bent
2025-10-20 15:15:31.764,0.06,2.028,59.0,Half bent
2025-10-20 15:15:31.814,0.151,1.695,69.2,Half bent
2025-10-20 15:15:31.864,0.052,1.609,71.7,Half bent
2025-10-20 15:15:31.914,0.018,1.569,72.9,Half bent
2025-10-20 15:15:31.964,0.529,1.646,70.6,Half bent
2025-10-20 15:15:32.015,0.476,1.729,68.1,Half bent
2025-10-20 15:15:32.064,0.389,1.777,66.7,Half bent
2025-10-20 15:15:32.114,0.319,1.831,65.1,Half bent
2025-10-20 15:15:32.165,0.477,1.923,62.3,Half bent
2025-10-20 15:15:32.214,0.321,1.881,63.6,Half bent
2025-10-20 15:15:32.264,0.375,1.861,64.2,Half bent
2025-10-20 15:15:32.314,0.452,1.861,64.2,Half bent
2025-10-20 15:15:32.364,0.458,1.901,63.0,Half bent
2025-10-20 15:15:32.414,0.473,1.901,63.0,Half bent
2025-10-20 15:15:32.464,0.462,1.928,62.1,Half bent
2025-10-20 15:15:32.514,0.481,1.95,61.5,Half bent
2025-10-20 15:15:32.564,0.488,1.95,61.5,Half bent
2025-10-20 15:15:32.615,0.479,1.95,61.5,Half bent
2025-10-20 15:15:32.664,0.529,1.972,60.8,Half bent
2025-10-20 15:15:32.715,2.008,2.243,50.9,Half bent
2025-10-20 15:15:32.765,3.3,2.51,40.9,Slight bend
2025-10-20 15:15:32.815,3.3,2.775,30.9,Slight bend
2025-10-20 15:15:32.865,3.3,3.043,15.4,Slight bend
2025-10-20 15:15:32.915,0.402,3.017,17.0,Slight bend
2025-10-20 15:15:32.965,0.0,2.654,35.5,Slight bend
2025-10-20 15:15:33.015,0.0,2.291,49.1,Half bent
2025-10-20 15:15:33.065,0.0,1.928,62.2,Half bent
2025-10-20 15:15:33.115,0.0,1.565,73.1,Half bent
2025-10-20 15:15:33.164,0.0,1.485,75.5,Bent
2025-10-20 15:15:33.214,0.0,1.485,75.5,Bent
2025-10-20 15:15:33.264,0.0,1.485,75.5,Bent
2025-10-20 15:15:33.314,0.0,1.485,75.5,Bent
2025-10-20 15:15:33.364,0.0,1.485,75.5,Bent
2025-10-20 15:15:33.414,0.0,1.485,75.5,Bent
2025-10-20 15:15:33.465,0.0,1.485,75.5,Bent
2025-10-20 15:15:33.514,0.0,1.485,75.5,Bent
2025-10-20 15:15:33.564,0.052,1.485,75.5,Bent
2025-10-20 15:15:33.614,0.0,1.485,75.5,Bent
2025-10-20 15:15:33.665,0.0,1.485,75.5,Bent
2025-10-20 15:15:33.715,0.0,1.485,75.5,Bent
2025-10-20 15:15:33.765,0.0,1.485,75.5,Bent
2025-10-20 15:15:33.815,0.0,1.485,75.5,Bent
2025-10-20 15:15:33.865,0.0,1.485,75.5,Bent
2025-10-20 15:15:33.915,0.0,1.485,75.5,Bent
2025-10-20 15:15:33.965,0.0,1.485,75.5,Bent
2025-10-20 15:15:34.015,0.0,1.485,75.5,Bent
2025-10-20 15:15:34.065,0.0,1.485,75.5,Bent
2025-10-20 15:15:34.115,0.0,1.485,75.5,Bent
2025-10-20 15:15:34.165,0.0,1.485,75.5,Bent
2025-10-20 15:15:34.215,0.0,1.485,75.5,Bent
2025-10-20 15:15:34.265,0.0,1.485,75.5,Bent
2025-10-20 15:15:34.316,0.0,1.485,75.5,Bent
2025-10-20 15:15:34.365,0.0,1.485,75.5,Bent
2025-10-20 15:15:34.415,0.0,1.485,75.5,Bent
2025-10-20 15:15:34.465,0.0,1.485,75.5,Bent
2025-10-20 15:15:34.515,0.0,1.485,75.5,Bent
2025-10-20 15:15:34.565,0.0,1.485,75.5,Bent
2025-10-20 15:15:34.615,0.0,1.485,75.5,Bent
2025-10-20 15:15:34.665,0.0,1.485,75.5,Bent
2025-10-20 15:15:34.716,0.168,1.518,74.5,Half bent
2025-10-20 15:15:34.766,0.309,1.58,72.6,Half bent
2025-10-20 15:15:34.816,0.451,1.67,69.9,Half bent
2025-10-20 15:15:34.866,3.3,2.033,58.8,Half bent
2025-10-20 15:15:34.916,0.237,2.08,57.0,Half bent
2025-10-20 15:15:34.966,0.289,2.105,56.1,Half bent
2025-10-20 15:15:35.016,0.098,2.063,57.7,Half bent
2025-10-20 15:15:35.067,0.089,1.99,60.3,Half bent
2025-10-20 15:15:35.117,0.027,1.632,71.0,Half bent
2025-10-20 15:15:35.167,0.787,1.743,67.7,Half bent
2025-10-20 15:15:35.217,0.671,1.819,65.4,Half bent
2025-10-20 15:15:35.267,0.569,1.913,62.6,Half bent
2025-10-20 15:15:35.317,0.383,1.972,60.8,Half bent
2025-10-20 15:15:35.367,0.313,2.029,58.9,Half bent
2025-10-20 15:15:35.417,0.399,1.952,61.5,Half bent
2025-10-20 15:15:35.467,0.278,1.873,63.8,Half bent
2025-10-20 15:15:35.517,0.222,1.804,65.9,Half bent
2025-10-20 15:15:35.567,0.183,1.764,67.1,Half bent
2025-10-20 15:15:35.617,0.176,1.736,67.9,Half bent
2025-10-20 15:15:35.667,0.168,1.69,69.3,Half bent
2025-10-20 15:15:35.717,0.118,1.658,70.3,Half bent
2025-10-20 15:15:35.767,0.168,1.658,70.3,Half bent
2025-10-20 15:15:35.817,0.137,1.638,70.9,Half bent
2025-10-20 15:15:35.867,0.118,1.638,70.9,Half bent
2025-10-20 15:15:35.917,0.128,1.638,70.9,Half bent
2025-10-20 15:15:35.967,0.168,1.638,70.9,Half bent
2025-10-20 15:15:36.017,0.151,1.638,70.9,Half bent
2025-10-20 15:15:36.067,0.128,1.638,70.9,Half bent
2025-10-20 15:15:36.117,0.183,1.638,70.9,Half bent
2025-10-20 15:15:36.167,0.18,1.638,70.9,Half bent
2025-10-20 15:15:36.217,0.205,1.638,70.9,Half bent
2025-10-20 15:15:36.267,0.204,1.664,70.1,Half bent
2025-10-20 15:15:36.318,0.201,1.664,70.1,Half bent
2025-10-20 15:15:36.368,0.098,1.664,70.1,Half bent
2025-10-20 15:15:36.418,0.196,1.664,70.1,Half bent
2025-10-20 15:15:36.468,0.215,1.664,70.1,Half bent
2025-10-20 15:15:36.518,0.218,1.664,70.1,Half bent
2025-10-20 15:15:36.568,0.231,1.664,70.1,Half bent
2025-10-20 15:15:36.618,0.204,1.697,69.1,Half bent
2025-10-20 15:15:36.668,0.245,1.697,69.1,Half bent
2025-10-20 15:15:36.718,0.241,1.697,69.1,Half bent
2025-10-20 15:15:36.768,0.28,1.725,68.3,Half bent
2025-10-20 15:15:36.818,0.234,1.725,68.3,Half bent
2025-10-20 15:15:36.868,0.267,1.725,68.3,Half bent
2025-10-20 15:15:36.918,0.262,1.725,68.3,Half bent
2025-10-20 15:15:36.968,0.267,1.746,67.6,Half bent
2025-10-20 15:15:37.018,0.264,1.746,67.6,Half bent
2025-10-20 15:15:37.068,0.16,1.746,67.6,Half bent
2025-10-20 15:15:37.118,0.269,1.746,67.6,Half bent
2025-10-20 15:15:37.168,0.268,1.746,67.6,Half bent
2025-10-20 15:15:37.218,0.255,1.746,67.6,Half bent
2025-10-20 15:15:37.268,0.279,1.746,67.6,Half bent
2025-10-20 15:15:37.318,0.365,1.772,66.8,Half bent
2025-10-20 15:15:37.368,0.321,1.772,66.8,Half bent
2025-10-20 15:15:37.418,0.354,1.799,66.0,Half bent
2025-10-20 15:15:37.468,0.421,1.832,65.0,Half bent
2025-10-20 15:15:37.518,0.503,1.877,63.7,Half bent
2025-10-20 15:15:37.568,0.508,1.906,62.8,Half bent
2025-10-20 15:15:37.619,0.662,1.974,60.8,Half bent
2025-10-20 15:15:37.668,0.994,2.102,56.2,Half bent
2025-10-20 15:15:37.718,1.951,2.381,45.7,Half bent
2025-10-20 15:15:37.769,3.3,2.643,35.9,Slight bend
2025-10-20 15:15:37.819,3.3,2.905,23.7,Slight bend
2025-10-20 15:15:37.869,3.3,3.136,9.9,Extended
2025-10-20 15:15:37.919,3.3,3.3,0.0,Extended
2025-10-20 15:15:37.969,3.3,3.3,0.0,Extended
2025-10-20 15:15:38.019,2.949,3.3,0.0,Extended
2025-10-20 15:15:38.069,3.3,3.3,0.0,Extended
2025-10-20 15:15:38.119,3.3,3.3,0.0,Extended
2025-10-20 15:15:38.169,3.3,3.3,0.0,Extended
2025-10-20 15:15:38.219,3.3,3.3,0.0,Extended
2025-10-20 15:15:38.269,3.3,3.3,0.0,Extended
2025-10-20 15:15:38.319,3.3,3.3,0.0,Extended
2025-10-20 15:15:38.369,3.3,3.3,0.0,Extended
2025-10-20 15:15:38.419,3.3,3.3,0.0,Extended
2025-10-20 15:15:38.469,3.3,3.3,0.0,Extended
2025-10-20 15:15:38.519,3.3,3.3,0.0,Extended
2025-10-20 15:15:38.569,3.3,3.3,0.0,Extended
2025-10-20 15:15:38.619,3.3,3.3,0.0,Extended
2025-10-20 15:15:38.669,1.416,3.22,4.8,Extended
2025-10-20 15:15:38.719,0.679,2.993,18.4,Slight bend
2025-10-20 15:15:38.769,0.869,2.803,29.8,Slight bend
2025-10-20 15:15:38.819,1.842,2.803,29.8,Slight bend
2025-10-20 15:15:38.869,3.3,2.803,29.8,Slight bend
2025-10-20 15:15:38.919,3.3,2.883,25.0,Slight bend
2025-10-20 15:15:38.970,0.75,2.883,25.0,Slight bend
2025-10-20 15:15:39.020,0.312,2.786,30.5,Slight bend
2025-10-20 15:15:39.070,0.662,2.556,39.2,Slight bend
2025-10-20 15:15:39.120,0.628,2.318,48.1,Half bent
2025-10-20 15:15:39.170,0.598,2.075,57.2,Half bent
2025-10-20 15:15:39.220,0.67,2.075,57.2,Half bent
2025-10-20 15:15:39.270,0.865,2.169,53.7,Half bent
2025-10-20 15:15:39.320,0.671,2.169,53.7,Half bent
2025-10-20 15:15:39.370,1.825,2.408,44.7,Slight bend
2025-10-20 15:15:39.420,1.436,2.576,38.4,Slight bend
2025-10-20 15:15:39.470,0.757,2.576,38.4,Slight bend
2025-10-20 15:15:39.520,0.733,2.576,38.4,Slight bend
2025-10-20 15:15:39.570,0.89,2.611,37.1,Slight bend
2025-10-20 15:15:39.620,0.943,2.436,43.6,Slight bend
2025-10-20 15:15:39.670,1.218,2.393,45.3,Half bent
2025-10-20 15:15:39.720,3.3,2.604,37.3,Slight bend
2025-10-20 15:15:39.770,3.3,2.821,28.8,Slight bend
2025-10-20 15:15:39.820,3.3,3.006,17.6,Slight bend
2025-10-20 15:15:39.870,2.091,3.18,7.2,Extended
2025-10-20 15:15:39.920,1.328,3.203,5.8,Extended
2025-10-20 15:15:39.970,1.253,3.09,12.6,Extended
2025-10-20 15:15:40.020,1.314,2.99,18.6,Slight bend
2025-10-20 15:15:40.070,2.223,2.99,18.6,Slight bend
2025-10-20 15:15:40.120,3.3,2.99,18.6,Slight bend
2025-10-20 15:15:40.170,3.3,3.087,12.8,Extended
2025-10-20 15:15:40.220,3.3,3.2,6.0,Extended
2025-10-20 15:15:40.270,3.3,3.3,0.0,Extended
2025-10-20 15:15:40.320,3.3,3.3,0.0,Extended
2025-10-20 15:15:40.370,3.3,3.3,0.0,Extended
2025-10-20 15:15:40.420,3.3,3.3,0.0,Extended
2025-10-20 15:15:40.470,3.3,3.3,0.0,Extended
2025-10-20 15:15:40.520,3.3,3.3,0.0,Extended
2025-10-20 15:15:40.571,3.3,3.3,0.0,Extended
2025-10-20 15:15:40.621,3.3,3.3,0.0,Extended
2025-10-20 15:15:40.671,3.3,3.3,0.0,Extended
2025-10-20 15:15:40.721,3.3,3.3,0.0,Extended
2025-10-20 15:15:40.771,3.3,3.3,0.0,Extended
2025-10-20 15:15:40.821,3.3,3.3,0.0,Extended
2025-10-20 15:15:40.871,3.3,3.3,0.0,Extended
2025-10-20 15:15:40.921,3.3,3.3,0.0,Extended
2025-10-20 15:15:40.971,3.287,3.3,0.0,Extended
2025-10-20 15:15:41.021,3.3,3.3,0.0,Extended
2025-10-20 15:15:41.071,3.3,3.3,0.0,Extended
2025-10-20 15:15:41.121,3.3,3.3,0.0,Extended
2025-10-20 15:15:41.171,3.3,3.3,0.0,Extended
2025-10-20 15:15:41.221,0.899,3.117,11.0,Extended
2025-10-20 15:15:41.271,0.713,2.896,24.2,Slight bend
2025-10-20 15:15:41.321,0.74,2.681,34.5,Slight bend
2025-10-20 15:15:41.371,0.67,2.452,43.1,Slight bend
